pos,EffVel,effUPT,LeftVel,LeftUPT,RightVel,RightUPT
0,4855.41181130741,457.6261695,5201.8061389274,214.5554775,4509.01748368742,243.070692
